{
	"_type": "export",
	"__export_format": 3,
	"__export_date": "2022-04-30T01:03:11.787Z",
	"__export_source": "insomnia.desktop.app:v6.3.2",
	"resources": [
		{
			"_id": "wrk_4014ad553339481bab93cc19e8fd8326",
			"created": 1651275199849,
			"description": "",
			"modified": 1651275199849,
			"name": "covid",
			"parentId": null,
			"_type": "workspace"
		},
		{
			"_id": "env_7443eb94de954dda8e318999470230fa",
			"color": null,
			"created": 1651275199878,
			"data": {},
			"isPrivate": false,
			"metaSortKey": 1651275199878,
			"modified": 1651275199878,
			"name": "New Environment",
			"parentId": "wrk_4014ad553339481bab93cc19e8fd8326",
			"_type": "environment"
		},
		{
			"_id": "jar_968adb63249d48f482e584dbf2b1abb3",
			"cookies": [],
			"created": 1651275199881,
			"modified": 1651275199881,
			"name": "Default Jar",
			"parentId": "wrk_4014ad553339481bab93cc19e8fd8326",
			"_type": "cookie_jar"
		},
		{
			"_id": "req_e066743e6add420cb048ca7237893e51",
			"authentication": {},
			"body": {
				"mimeType": "application/x-www-form-urlencoded",
				"params": [
					{
						"id": "pair_735a841393404db5aa91d181bb54da48",
						"name": "id_tipo_usuario",
						"value": "1"
					},
					{
						"id": "pair_79deb41bb427479e82bcea52c363dd70",
						"name": "matricula",
						"value": "216423"
					},
					{
						"id": "pair_ba7103cf96254bc5a6b5133cb67eb8f8",
						"name": "nombre",
						"value": "Pepe Garza"
					},
					{
						"id": "pair_ea1838620588404c9669278d1c0bf675",
						"name": "correo",
						"value": "doaaaa@a.com"
					},
					{
						"id": "pair_d6b5c6e5d4f4467aa12744db728d96cb",
						"name": "contacto_covid",
						"value": "0"
					},
					{
						"id": "pair_85cd4019ab874a66b92fff5b91424060",
						"name": "vacunado",
						"value": "1"
					},
					{
						"id": "pair_f21a8085b92944958220dd08da038791",
						"name": "sintomas[]",
						"value": "3"
					},
					{
						"id": "pair_1d25d953c6bc413babaccc7d8f8a38e5",
						"name": "sintomas[]",
						"value": "5"
					}
				]
			},
			"created": 1651275232207,
			"description": "",
			"headers": [
				{
					"id": "pair_1bd5dac589234262952bcf2d686c8d36",
					"name": "Content-Type",
					"value": "application/x-www-form-urlencoded"
				}
			],
			"isPrivate": false,
			"metaSortKey": -1651275232207,
			"method": "POST",
			"modified": 1651279977771,
			"name": "Capturar Respuesta Covid",
			"parameters": [],
			"parentId": "wrk_4014ad553339481bab93cc19e8fd8326",
			"settingDisableRenderRequestBody": false,
			"settingEncodeUrl": true,
			"settingMaxTimelineDataSize": 1000,
			"settingRebuildPath": true,
			"settingSendCookies": true,
			"settingStoreCookies": true,
			"url": "http://localhost:8000/api/capturas",
			"_type": "request"
		}
	]
}